Temperature,Humidity,AirQuality,Carbonmonoxide,Gas,pressure,Latitude,Longitude,label
98,34,59,129,76,972,11.192490,77.164340,2
87,46,92,232,15,1006,11.159447,77.190210,2
118,41,71,169,29,965,11.166370,77.102925,1
101,48,86,5,71,1010,11.139488,77.142327,1
115,31,8,3,13,1061,11.193890,77.191036,2
85,38,89,184,72,1005,11.163187,77.154329,2
117,44,70,463,58,988,11.152649,77.193950,2
85,35,17,266,95,1058,11.101811,77.163636,2
114,42,72,167,28,967,11.176601,77.151349,1
114,50,21,175,63,962,11.167942,77.136008,2
84,30,30,212,86,982,11.176475,77.142171,1
109,47,47,445,40,1051,11.184378,77.128096,1
109,50,88,121,60,966,11.126456,77.139251,2
82,48,94,402,80,926,11.122788,77.129803,2
96,50,2,230,54,1056,11.162919,77.122984,2
106,33,16,267,23,1058,11.171796,77.152944,1
92,32,16,411,11,1011,11.105242,77.142874,1
101,46,34,107,32,939,11.115851,77.154771,2
84,36,23,491,66,1092,11.169063,77.176514,1
110,45,11,205,28,912,11.111593,77.165755,1
96,36,64,168,25,1048,11.157029,77.108807,2
105,45,82,65,1,915,11.140144,77.177817,1
115,30,36,67,37,974,11.109781,77.194589,2
114,31,66,304,86,962,11.177692,77.184736,1
120,42,33,155,85,921,11.104533,77.137356,2
104,41,55,60,27,1066,11.156143,77.113718,2
110,36,83,28,25,1085,11.144337,77.110561,2
82,43,3,147,31,1055,11.106871,77.154328,2
111,44,27,484,7,976,11.177611,77.118889,2
92,48,60,240,59,1063,11.177789,77.156849,1
112,45,11,408,47,1084,11.184525,77.180457,1
95,42,53,367,93,1036,11.153938,77.110530,2
108,31,10,281,69,1081,11.119611,77.150728,1
108,48,66,107,1,1096,11.169256,77.117341,1
80,31,9,206,54,975,11.183977,77.181125,1
113,49,3,394,53,959,11.179745,77.188372,2
106,46,10,333,5,1018,11.136532,77.144136,2
83,41,61,135,46,974,11.141103,77.117693,1
110,45,95,191,23,905,11.132823,77.178890,1
114,43,13,428,61,928,11.145286,77.137561,1
90,43,42,191,21,931,11.188818,77.141524,1
106,41,94,3,76,1086,11.176328,77.154778,2
114,46,85,51,30,914,11.112071,77.140667,2
87,45,42,5,88,900,11.134816,77.181575,2
88,37,14,451,55,926,11.176083,77.115326,1
96,42,17,367,65,1048,11.199332,77.146749,2
108,48,25,128,57,1062,11.157862,77.168601,1
106,50,62,24,48,939,11.171269,77.140331,2
102,41,71,247,94,1019,11.131207,77.111850,2
83,47,41,226,93,1019,11.123986,77.164510,1
108,41,70,187,39,1086,11.147192,77.138963,2
85,41,51,120,33,1088,11.118192,77.137056,1
85,41,69,122,74,986,11.121942,77.135957,2
90,48,25,21,58,927,11.180726,77.193232,2
120,39,1,243,92,908,11.143730,77.116397,1
94,49,69,427,60,1049,11.184016,77.126087,1
116,41,48,205,57,961,11.155565,77.145541,2
82,41,76,406,23,1071,11.127028,77.180816,2
102,45,24,87,19,1013,11.135069,77.195570,2
111,39,3,459,92,1019,11.156685,77.110080,1
104,32,35,118,75,1100,11.195089,77.138570,2
86,35,8,358,14,1097,11.190601,77.107245,1
80,40,90,160,74,1029,11.150989,77.193823,1
88,30,73,119,18,1069,11.199477,77.162451,2
101,34,83,252,6,932,11.124146,77.169840,1
116,42,14,283,49,1006,11.180322,77.151459,2
116,37,83,415,39,938,11.176311,77.180680,2
89,36,47,242,88,925,11.132345,77.133892,1
106,35,85,406,85,1041,11.141919,77.129609,2
112,34,84,95,44,1080,11.126159,77.140681,1
83,32,69,226,12,988,11.161405,77.182859,1
97,32,100,447,18,903,11.107151,77.100379,1
110,36,90,416,46,942,11.129335,77.151916,2
116,33,96,465,75,1096,11.176260,77.141040,2
103,42,85,347,78,1019,11.188632,77.146919,2
87,32,14,191,21,1028,11.159901,77.104366,1
107,41,9,208,72,1082,11.103248,77.196682,2
84,35,59,352,26,928,11.186898,77.187904,2
120,44,69,165,8,997,11.173787,77.175732,2
113,30,30,412,26,1002,11.188394,77.150681,1
101,31,32,183,43,1006,11.166427,77.166557,1
83,30,33,350,58,963,11.189080,77.159489,2
88,43,51,410,78,1079,11.168034,77.179696,2
100,35,57,394,54,991,11.159694,77.144182,2
92,34,48,76,1,1000,11.167923,77.177022,1
106,40,40,435,90,935,11.104439,77.168150,1
80,48,39,124,54,980,11.177877,77.198933,2
93,31,27,214,79,1075,11.198367,77.197277,2
112,42,39,352,87,971,11.110741,77.196369,2
87,42,61,244,47,1013,11.112397,77.180126,2
108,43,24,471,0,974,11.138396,77.158658,1
82,37,44,452,57,1005,11.143677,77.192224,2
96,33,41,285,43,975,11.181736,77.110997,2
80,49,12,312,80,969,11.140593,77.176624,1
101,38,54,64,30,991,11.158254,77.116513,1
92,42,39,274,4,1051,11.191731,77.155415,1
114,38,24,216,92,1012,11.132261,77.150797,2
97,33,36,290,83,982,11.161267,77.136765,1
106,47,47,166,88,1026,11.103934,77.147841,1
90,49,18,467,97,961,11.157057,77.188911,1
99,30,37,496,14,1099,11.107342,77.129483,1
83,46,30,197,14,1074,11.127496,77.156219,2
107,46,78,78,26,992,11.105201,77.192730,2
110,50,2,84,66,1067,11.197139,77.108040,2
92,45,48,334,46,1049,11.106008,77.115308,1
105,43,71,481,83,960,11.175112,77.114303,1
108,40,33,170,28,1036,11.143962,77.157090,2
111,38,5,1,33,1073,11.143172,77.153158,2
96,32,22,228,27,1081,11.155893,77.148934,1
83,39,36,335,35,1020,11.148654,77.166836,1
90,36,98,355,78,1014,11.134493,77.119136,2
108,46,39,373,97,950,11.170627,77.178519,2
117,32,9,251,70,1007,11.101355,77.167058,1
118,34,76,139,28,907,11.182825,77.172250,2
103,47,47,319,53,1084,11.114439,77.142329,2
119,35,9,343,53,1099,11.124154,77.171671,1
89,41,43,329,75,995,11.136077,77.172978,2
116,46,69,173,15,949,11.184709,77.154238,1
95,34,27,133,7,1028,11.143046,77.136178,2
103,47,20,174,83,1100,11.182960,77.122939,1
114,32,26,170,58,1069,11.158478,77.118373,2
109,48,64,366,21,925,11.116408,77.165650,1
83,49,15,247,45,900,11.145724,77.137260,1
109,41,54,451,60,1006,11.114985,77.146281,2
118,41,37,247,81,946,11.191282,77.124370,1
117,48,65,251,66,912,11.172758,77.145406,1
85,31,38,92,76,1052,11.152404,77.104384,2
90,45,24,48,7,900,11.121034,77.150152,2
96,49,80,183,5,935,11.185149,77.174373,1
113,35,44,100,74,1014,11.184439,77.152855,1
114,47,16,315,14,907,11.151014,77.134060,1
105,42,41,149,98,958,11.113506,77.170025,1
106,45,13,35,84,992,11.120576,77.156114,2
101,50,42,245,54,922,11.153064,77.122337,2
91,46,57,286,20,1099,11.116990,77.105224,2
115,37,25,295,71,910,11.108390,77.102809,1
87,47,8,317,45,955,11.132078,77.116065,2
110,45,84,52,62,1060,11.141722,77.104592,1
96,45,35,221,71,1039,11.184906,77.155673,2
107,46,39,231,82,946,11.133965,77.127662,1
92,50,15,158,44,901,11.104205,77.115607,1
88,50,18,254,47,1043,11.101972,77.151249,2
86,50,54,314,18,1016,11.199090,77.176714,2
119,37,86,135,39,1037,11.174932,77.157543,2
90,46,77,260,55,1029,11.130002,77.145233,1
104,37,45,384,35,1089,11.116434,77.153785,2
107,38,80,325,14,923,11.116545,77.187249,2
90,33,27,255,55,1049,11.176674,77.141343,1
106,50,84,255,90,995,11.179327,77.160612,1
91,44,18,9,13,1019,11.174873,77.169137,2
115,35,87,88,92,912,11.137525,77.113850,1
91,44,44,480,94,1035,11.130929,77.127547,2
120,41,67,252,0,1049,11.196730,77.152455,1
84,35,8,152,85,1047,11.181104,77.150593,2
86,34,85,337,8,1040,11.106801,77.159336,2
118,45,52,453,8,945,11.151364,77.107130,1
111,48,94,198,35,949,11.136665,77.150903,1
90,35,54,340,64,1080,11.108023,77.154638,2
103,49,4,140,69,915,11.161951,77.188942,2
101,42,10,491,79,1058,11.125363,77.175716,1
81,39,62,282,25,1097,11.147337,77.194576,1
109,43,45,158,97,1014,11.178745,77.112087,1
105,50,54,145,13,925,11.103934,77.100382,1
114,42,75,298,17,968,11.196810,77.193072,1
114,42,27,351,46,1083,11.133799,77.164392,2
91,46,1,332,10,917,11.153079,77.135160,1
102,33,3,63,47,1063,11.129755,77.171932,2
100,34,15,316,80,1088,11.193723,77.171571,1
95,33,10,306,5,1036,11.165723,77.192962,2
97,32,99,446,56,1031,11.140480,77.181065,1
96,49,26,180,94,965,11.197209,77.101132,1
100,48,20,391,88,1012,11.164304,77.194531,1
111,33,23,102,29,943,11.145789,77.111593,2
81,44,94,270,75,959,11.143136,77.107220,1
85,37,98,310,25,970,11.187491,77.155767,1
114,48,89,456,66,1077,11.125303,77.150175,2
119,36,7,385,36,1028,11.120732,77.188863,2
103,43,82,348,66,952,11.155969,77.133406,2
87,46,58,349,28,915,11.192887,77.158506,1
117,48,49,456,23,1097,11.157552,77.167475,2
109,46,87,346,74,1000,11.198839,77.147221,2
113,39,100,42,80,1067,11.114138,77.171951,2
84,46,46,169,6,985,11.183805,77.116918,1
89,42,43,364,89,925,11.105096,77.156223,1
93,40,19,211,5,929,11.135035,77.117220,2
91,49,17,83,99,987,11.182991,77.198469,2
82,45,51,174,91,1013,11.102084,77.191519,2
86,43,10,364,45,985,11.146582,77.185433,1
114,40,83,217,70,934,11.157701,77.102780,1
87,32,84,337,89,1048,11.130455,77.112734,1
107,30,48,395,94,953,11.185825,77.166107,2
94,49,93,31,16,1028,11.110357,77.181536,2
98,46,43,164,81,973,11.139977,77.185231,2
107,45,55,40,8,1044,11.107487,77.181940,2
98,38,84,434,59,912,11.154911,77.146839,1
120,48,64,232,31,969,11.198232,77.190812,2
113,36,27,16,85,1081,11.162523,77.188949,1
86,32,39,74,1,1033,11.188478,77.166894,2
91,34,99,74,10,1015,11.175929,77.169335,2
99,30,48,385,46,1012,11.166908,77.129133,2
109,36,75,116,11,998,11.174606,77.167017,2
97,35,63,8,51,1059,11.190407,77.105625,1
107,50,11,184,1,996,11.180381,77.136553,2
95,34,64,244,60,918,11.190797,77.136291,2
109,47,44,382,67,979,11.135846,77.141609,2
106,49,41,163,1,996,11.197045,77.168434,1
81,40,64,445,36,1072,11.130891,77.144276,2
97,47,53,487,28,908,11.195280,77.162114,2
97,39,27,386,27,939,11.112065,77.150715,2
95,46,64,242,1,1100,11.162676,77.103602,2
107,36,53,203,31,1020,11.116513,77.175714,2
103,36,42,8,62,1001,11.105424,77.136980,2
99,48,74,381,14,1088,11.105452,77.110322,2
116,49,92,247,15,974,11.158538,77.163737,1
95,35,31,495,36,1016,11.110319,77.162127,2
118,48,51,149,90,1068,11.101744,77.120531,1
104,49,26,303,74,938,11.121569,77.199310,1
112,46,70,362,74,940,11.154624,77.139221,2
84,46,74,497,17,920,11.140103,77.112255,1
93,50,46,351,28,1082,11.111811,77.179061,2
85,45,33,341,23,940,11.113767,77.113114,2
80,32,17,298,45,962,11.199466,77.127212,2
90,42,17,321,19,1084,11.106362,77.109983,2
115,47,9,172,38,964,11.194335,77.114467,2
118,50,72,33,24,1075,11.199156,77.111563,2
118,46,37,240,62,999,11.171189,77.132379,2
108,39,27,151,22,1054,11.130602,77.166848,1
108,31,6,93,30,1090,11.190816,77.155603,1
94,47,70,341,6,1077,11.109517,77.106366,1
114,36,55,478,65,942,11.124380,77.128817,2
114,37,65,324,57,908,11.131626,77.193820,1
115,40,37,70,90,910,11.128931,77.126517,2
115,50,46,379,71,1000,11.125429,77.194326,1
117,48,32,112,67,1018,11.149236,77.111532,2
104,45,37,422,75,988,11.107561,77.125282,1
108,43,40,480,38,1082,11.161531,77.125266,2
117,48,55,426,46,942,11.142345,77.143652,2
112,41,51,351,0,917,11.191928,77.130427,2
116,37,50,453,44,948,11.147263,77.187163,2
96,45,63,277,60,912,11.115469,77.181885,2
103,36,94,448,48,953,11.133478,77.182616,1
116,47,5,319,97,1098,11.158317,77.129904,1
87,44,4,92,15,1031,11.106096,77.150940,1
103,33,34,40,45,976,11.105409,77.114579,2
101,36,17,223,14,982,11.106098,77.122359,1
90,44,34,151,37,917,11.136890,77.112991,1
115,31,80,337,92,967,11.158175,77.155515,1
88,30,69,398,83,992,11.139381,77.169281,2
81,47,27,173,79,954,11.195197,77.168732,1
87,44,86,168,19,958,11.131187,77.110333,1
106,36,83,254,66,1097,11.179824,77.109951,1
94,37,34,318,45,993,11.105025,77.109519,2
106,37,7,268,93,1013,11.101473,77.141902,2
82,47,51,413,18,934,11.187024,77.161435,1
110,32,59,281,76,913,11.127293,77.111630,2
93,38,97,286,80,912,11.178321,77.120842,2
98,42,17,301,38,953,11.159191,77.126777,1
112,50,63,75,32,931,11.135431,77.108219,2
118,48,70,275,20,1013,11.145725,77.126600,2
93,49,49,478,9,1076,11.140043,77.107074,1
101,48,37,472,54,1026,11.113733,77.122376,2
108,50,81,416,31,1071,11.148540,77.159265,1
119,45,44,185,86,1019,11.185887,77.181705,1
118,32,71,246,76,922,11.119266,77.184271,1
112,49,69,99,50,1014,11.198481,77.143892,2
98,38,13,215,71,1063,11.122498,77.107020,2
96,49,84,364,45,956,11.110382,77.111571,1
88,31,61,496,64,1017,11.107965,77.122499,1
104,30,53,284,0,984,11.126203,77.157458,2
92,37,53,28,99,947,11.159042,77.169822,1
114,36,22,133,44,932,11.141845,77.187566,2
83,50,1,384,33,970,11.106063,77.145391,2
103,30,3,153,94,1041,11.151203,77.194545,1
92,44,80,93,64,931,11.115499,77.185751,1
113,40,38,253,37,1020,11.142049,77.130600,2
119,49,72,187,70,1080,11.162254,77.172976,1
112,32,14,240,69,1055,11.115230,77.100410,1
88,41,40,132,14,952,11.131750,77.106135,1
111,32,89,458,93,1015,11.112902,77.174932,1
118,32,62,185,64,1086,11.172514,77.184329,2
93,47,98,232,70,998,11.162522,77.119192,2
102,36,22,34,17,1061,11.122076,77.122939,2
115,48,39,150,96,916,11.178009,77.106118,2
107,31,42,14,45,939,11.185393,77.183373,1
99,32,99,186,45,978,11.197335,77.106984,2
103,43,11,452,92,1094,11.139855,77.116344,2
106,46,95,275,62,923,11.136735,77.142831,1
116,50,67,53,25,1094,11.141058,77.173522,2
82,43,36,364,52,1046,11.160933,77.193642,2
112,49,99,220,79,1034,11.183683,77.126487,1
80,42,44,237,83,1095,11.181666,77.169460,2
103,31,7,201,85,1012,11.139463,77.184801,1
86,37,64,132,50,1085,11.124235,77.184078,2
92,35,49,250,20,911,11.114806,77.136621,1
102,37,0,44,84,1095,11.134911,77.154254,1
111,47,71,166,20,1051,11.192144,77.150761,2
101,44,88,344,31,1044,11.127191,77.100456,1
86,46,29,50,14,1072,11.197599,77.103905,1
105,45,84,113,92,999,11.188829,77.106226,2
92,42,71,322,81,922,11.161825,77.101684,1
86,35,15,269,88,959,11.146459,77.117960,1
110,33,74,442,48,940,11.157385,77.188565,1
100,36,54,401,98,962,11.132626,77.133107,1
102,32,86,125,51,1079,11.134360,77.125463,1
112,40,22,68,20,934,11.139034,77.138707,2
83,43,75,192,3,906,11.173011,77.112351,2
107,30,23,204,51,1032,11.107637,77.162356,2
100,37,0,162,32,1064,11.198479,77.148042,1
109,37,78,349,69,987,11.191251,77.180895,1
120,35,39,343,26,1049,11.185374,77.123010,1
80,39,72,61,60,1029,11.161183,77.177561,1
87,30,83,4,1,1070,11.130416,77.101379,2
119,42,7,155,83,970,11.199935,77.133426,1
98,48,17,351,30,1006,11.107480,77.152941,2
88,41,11,302,16,1049,11.161584,77.103517,1
91,35,0,262,95,903,11.192673,77.178677,2
95,31,67,222,52,1061,11.125457,77.139998,2
83,47,75,356,90,1079,11.166655,77.137202,1
101,45,13,303,74,905,11.195171,77.144864,1
88,32,13,20,49,1047,11.159030,77.123945,1
101,49,64,11,100,985,11.185065,77.131072,1
105,39,17,370,26,1066,11.195134,77.198786,2
112,39,47,490,51,1066,11.190097,77.145360,1
83,50,12,181,33,1090,11.171349,77.165986,2
108,31,98,477,62,987,11.199118,77.117139,1
111,34,100,62,68,987,11.111578,77.117303,2
120,40,50,73,89,955,11.101300,77.187699,2
107,35,81,192,21,966,11.117823,77.185478,1
115,49,69,51,93,985,11.162678,77.192333,1
90,40,14,445,99,936,11.102907,77.171202,1
86,40,71,375,78,1085,11.146108,77.197248,1
107,43,80,162,53,909,11.197001,77.198089,1
95,35,92,217,84,981,11.190450,77.173740,2
87,47,26,276,35,1009,11.123404,77.183169,1
99,46,83,467,24,954,11.100835,77.147160,2
87,33,42,445,57,1016,11.197286,77.146411,1
80,38,36,462,58,955,11.174120,77.118618,1
89,38,62,322,41,1006,11.176152,77.103542,1
119,37,44,131,67,1023,11.155089,77.187007,2
81,49,77,465,29,1066,11.177520,77.118978,2
108,46,61,185,31,1081,11.197934,77.119280,2
104,46,39,259,49,980,11.130669,77.137360,2
85,34,59,384,44,1093,11.172594,77.132437,1
94,40,17,288,38,922,11.180898,77.155783,2
109,41,6,3,89,1044,11.180671,77.173535,1
119,42,33,491,20,905,11.159964,77.157120,2
110,43,86,29,81,967,11.125000,77.159300,2
117,32,86,308,67,995,11.151608,77.156393,2
98,35,82,18,49,959,11.150203,77.167336,2
114,31,17,434,43,993,11.150295,77.145330,2
87,50,98,359,64,1049,11.148447,77.142267,2
111,39,40,277,98,1016,11.151480,77.179181,2
83,42,34,457,93,949,11.110406,77.185707,1
114,43,40,16,71,1033,11.147526,77.178659,2
114,47,76,202,99,1023,11.121585,77.165190,2
104,30,77,448,59,1026,11.192338,77.108131,2
82,45,82,72,96,1087,11.129440,77.188002,2
118,38,8,18,72,1051,11.155262,77.198754,2
106,35,13,124,75,942,11.178290,77.108256,1
90,31,76,119,16,1052,11.108858,77.167335,1
110,45,51,466,15,947,11.163301,77.144242,2
112,50,34,257,62,903,11.191829,77.113737,2
89,47,43,60,97,1077,11.148505,77.185478,2
117,37,10,52,14,1088,11.196438,77.182483,2
105,36,17,378,6,1014,11.128985,77.130493,1
99,32,15,173,9,995,11.145694,77.138947,1
81,33,97,138,25,1005,11.166431,77.165123,2
92,36,93,407,72,1051,11.128907,77.123573,1
119,35,36,150,47,1086,11.157773,77.123189,1
119,47,98,364,3,1095,11.142064,77.115661,2
105,42,1,391,32,1057,11.196717,77.155384,2
88,42,96,189,93,953,11.151874,77.113503,1
103,37,1,404,53,1011,11.190853,77.114787,1
106,36,22,358,69,1052,11.147157,77.142322,1
87,48,7,403,72,1080,11.106345,77.177966,2
112,45,62,64,1,1061,11.119074,77.153340,2
98,32,40,473,63,900,11.126852,77.196313,1
82,44,48,62,4,1090,11.191049,77.114250,1
119,47,99,269,92,1100,11.152594,77.183158,1
96,50,39,306,49,1056,11.101319,77.196825,1
120,44,4,438,22,963,11.193874,77.116108,1
105,44,81,200,83,996,11.185026,77.194843,1
118,42,70,47,13,1078,11.165757,77.181614,1
82,35,15,266,84,989,11.150433,77.103976,1
104,35,23,486,18,1061,11.197207,77.128497,1
86,49,93,363,14,919,11.144985,77.133950,2
99,40,92,76,77,908,11.179210,77.180197,2
83,31,93,277,80,939,11.144074,77.116713,1
82,37,67,11,4,1037,11.188148,77.191094,2
120,46,40,352,63,959,11.108732,77.107427,2
98,38,95,256,65,1018,11.198997,77.112151,2
102,41,95,149,62,910,11.171368,77.127968,1
101,37,18,204,16,1010,11.109212,77.155135,2
104,33,26,442,94,969,11.151897,77.175760,1
113,42,61,13,48,1021,11.110251,77.145244,1
113,43,81,163,37,1092,11.144031,77.160057,2
97,36,58,430,60,916,11.196524,77.119478,2
105,46,73,381,37,990,11.164715,77.149252,2
90,40,46,248,19,1063,11.188587,77.135685,1
90,48,72,315,60,910,11.132959,77.127871,2
80,31,23,464,5,905,11.161263,77.185806,1
93,48,50,99,7,966,11.150065,77.102403,1
111,39,38,143,43,949,11.121020,77.170249,2
89,50,51,486,35,919,11.136244,77.138021,2
106,48,92,89,84,1041,11.128805,77.160100,1
104,47,53,411,15,1094,11.141925,77.100914,1
89,46,42,167,20,1077,11.143014,77.104445,2
100,30,17,227,53,960,11.181138,77.166102,2
87,47,82,267,78,1027,11.186544,77.193581,2
89,41,53,290,32,1028,11.122798,77.191213,2
109,44,90,107,47,1037,11.165958,77.160467,1
100,40,100,419,74,912,11.149700,77.161038,2
110,43,92,385,13,929,11.179381,77.145089,2
109,47,76,326,55,955,11.138691,77.154391,1
95,43,64,322,48,1038,11.102629,77.195278,2
88,43,53,217,14,983,11.195711,77.147812,1
116,46,13,242,69,1047,11.195458,77.176284,1
114,44,97,355,23,1063,11.170854,77.144171,1
86,47,6,295,84,1083,11.197172,77.186378,1
92,33,51,456,48,1061,11.188856,77.137858,2
110,43,38,139,41,924,11.103997,77.161033,2
92,49,22,482,8,972,11.124781,77.111777,2
120,38,84,378,67,913,11.130648,77.110633,2
94,37,7,471,40,911,11.181310,77.110042,2
108,30,0,436,3,1046,11.141903,77.101036,1
101,30,73,240,77,916,11.138848,77.169560,1
91,49,67,357,44,1069,11.103388,77.110002,1
100,31,96,208,30,1070,11.141523,77.194357,1
95,34,65,121,11,944,11.196351,77.190979,2
91,33,16,14,78,909,11.197492,77.159717,1
89,37,73,212,15,1031,11.191186,77.147098,2
99,36,71,464,8,991,11.140357,77.175356,2
83,49,36,335,13,962,11.196621,77.168410,2
97,41,47,55,85,1060,11.156980,77.174684,2
111,33,89,108,75,958,11.133805,77.153182,1
82,45,17,123,31,929,11.105685,77.132803,2
109,42,78,314,39,1076,11.110238,77.116072,1
88,31,25,415,20,1090,11.155588,77.121523,1
115,45,28,264,18,1060,11.141289,77.161581,2
92,46,15,442,52,1036,11.183124,77.153167,2
94,50,96,101,21,1047,11.135806,77.157520,1
94,36,92,11,82,1092,11.184395,77.134107,1
103,31,88,448,3,989,11.196297,77.100425,1
106,40,74,46,82,1090,11.152815,77.177288,1
96,47,17,263,63,1097,11.197925,77.100683,2
90,35,100,218,62,940,11.139926,77.113899,2
89,50,21,349,57,933,11.188918,77.190206,2
117,41,13,200,41,990,11.154955,77.196948,2
94,47,87,131,91,934,11.178185,77.138381,1
92,30,79,341,6,984,11.165523,77.122859,1
119,38,98,85,62,937,11.144412,77.153874,2
100,36,89,164,88,910,11.170278,77.176023,1
91,45,80,417,12,1052,11.160482,77.109834,2
98,36,54,243,29,920,11.114583,77.160246,1
101,49,88,20,33,929,11.193826,77.199997,1
120,47,95,481,89,996,11.185742,77.150542,2
111,35,93,195,59,983,11.128761,77.162867,1
118,50,90,495,44,1010,11.135708,77.129076,1
86,33,26,469,33,1064,11.192625,77.182983,1
84,49,81,490,61,913,11.150395,77.156205,2
84,42,73,28,85,1092,11.130752,77.132759,2
114,49,33,453,97,916,11.187325,77.137491,1
102,32,76,199,0,936,11.113300,77.178445,1
82,47,5,497,47,1022,11.191723,77.141760,1
119,35,6,21,26,1001,11.112442,77.170584,1
103,39,50,473,27,1001,11.137473,77.185507,2
94,39,58,446,43,928,11.124297,77.136482,1
110,47,59,194,20,1012,11.118745,77.152158,2
101,32,77,297,22,977,11.134676,77.111432,2
88,35,22,134,7,1066,11.193242,77.158395,1
82,30,53,396,65,1017,11.119706,77.191013,2
118,44,65,169,54,963,11.184685,77.106486,1
94,37,23,316,47,918,11.105739,77.171002,1
108,33,7,310,91,974,11.133726,77.184365,2
85,34,15,294,67,1092,11.181794,77.109206,1
92,46,20,185,2,965,11.119288,77.152445,1
85,39,28,47,60,962,11.101671,77.197880,2
103,48,81,231,34,976,11.190371,77.116301,1
99,49,19,3,56,1014,11.141789,77.161685,2
94,46,38,312,30,956,11.168645,77.151479,2
110,37,47,347,58,1006,11.199749,77.188159,1
85,42,10,355,26,1070,11.129263,77.164948,2
96,37,45,418,20,969,11.153220,77.181365,1
99,47,53,484,58,914,11.198880,77.136665,2
115,36,54,399,81,975,11.119764,77.189116,2
102,31,27,252,53,1011,11.141146,77.144254,2
110,35,82,237,49,985,11.106702,77.156604,1
82,31,62,115,58,921,11.129100,77.189084,2
97,34,11,322,45,916,11.152614,77.179281,2
97,30,46,92,74,936,11.136873,77.188512,1
94,47,0,86,55,969,11.195211,77.172837,1
99,49,33,61,1,936,11.158763,77.197626,2
107,34,9,452,84,1090,11.156190,77.113520,2
96,49,91,355,84,1096,11.178497,77.165476,2
87,31,94,442,65,935,11.184687,77.175909,1
99,48,3,411,84,980,11.144900,77.102051,1
110,42,42,445,12,1044,11.114682,77.163630,1
116,33,55,403,52,1015,11.149381,77.139825,1
83,46,17,265,84,1085,11.156255,77.180060,2
84,46,60,430,31,1006,11.165612,77.169611,1
93,41,21,206,79,915,11.189147,77.167491,2
93,42,11,284,1,1027,11.180424,77.137120,2
87,43,49,94,84,925,11.163383,77.183828,2
109,37,26,314,25,1060,11.177855,77.121662,1
92,37,98,135,34,969,11.134540,77.122921,1
97,43,32,263,6,953,11.103965,77.119865,1
116,43,18,169,2,956,11.189975,77.188098,1
92,34,66,398,68,976,11.139700,77.108421,2
108,46,19,490,36,1003,11.121423,77.126207,1
87,37,58,493,14,1037,11.101877,77.114279,2
110,36,11,482,67,912,11.103711,77.132113,1
109,35,98,479,68,1028,11.120119,77.127381,2
95,43,56,30,77,1003,11.179151,77.159624,2
89,49,69,22,31,1097,11.150059,77.119124,2
99,44,94,321,75,1093,11.172848,77.175463,2
109,44,3,36,50,1073,11.162785,77.193921,2
81,47,9,344,72,985,11.171592,77.177310,2
118,48,86,392,85,1090,11.137774,77.186186,1
85,34,92,122,45,919,11.154279,77.156898,1
110,45,74,319,91,968,11.104461,77.101209,1
120,35,61,15,35,1080,11.126289,77.124497,1
114,35,9,21,1,996,11.157187,77.185950,1
100,50,37,23,13,951,11.165789,77.154276,1
94,30,94,25,100,1013,11.173274,77.150775,1
83,39,39,423,43,1051,11.163478,77.151358,1
92,37,68,306,17,972,11.115978,77.161572,1
95,37,13,159,35,982,11.126270,77.154045,1
99,32,25,173,64,1053,11.107474,77.194978,1
100,41,29,160,20,913,11.112462,77.149655,2
84,38,17,432,1,978,11.124043,77.129400,2
81,50,32,253,65,1076,11.184079,77.113330,1
102,36,81,156,42,955,11.141259,77.108079,2
114,47,37,76,77,984,11.159602,77.147852,1
95,45,56,321,63,938,11.144066,77.105124,2
99,45,32,52,95,971,11.155764,77.163081,1
90,44,7,4,89,908,11.100823,77.193752,1
83,33,73,35,90,988,11.144548,77.148526,1
83,45,87,322,60,1012,11.175152,77.121046,1
89,44,27,145,80,1084,11.165070,77.156649,1
102,34,41,425,41,1078,11.140985,77.143593,1
103,48,37,440,69,1044,11.109300,77.180692,2
105,43,67,360,84,1093,11.158710,77.152005,1
81,47,1,41,17,1029,11.105439,77.114768,2
106,39,77,391,82,1037,11.130591,77.183564,2
98,32,6,47,7,977,11.108333,77.169002,2
87,32,25,99,13,1014,11.156438,77.185195,1
80,32,44,330,26,1011,11.148126,77.155111,2
83,37,26,244,94,1083,11.163349,77.183282,2
87,31,18,451,21,1041,11.107230,77.191867,2
115,50,100,427,4,952,11.151518,77.152379,1
87,35,92,460,30,1037,11.182626,77.122425,1
85,49,13,130,30,1090,11.129818,77.156687,1
81,32,40,27,73,1053,11.132155,77.111128,1
98,46,12,72,56,944,11.166032,77.191962,1
98,36,94,27,82,906,11.106266,77.153722,1
101,33,50,445,75,956,11.135997,77.151861,2
83,38,23,351,94,969,11.182961,77.107221,1
104,39,16,81,39,1088,11.170134,77.122906,2
82,46,8,116,50,936,11.175636,77.122048,2
93,45,5,463,58,1050,11.194293,77.112626,1
94,34,64,447,61,1014,11.188866,77.145650,1
104,46,1,24,62,920,11.181634,77.192672,2
105,33,13,431,17,1064,11.193932,77.102109,2
85,49,46,363,49,954,11.143586,77.195047,1
91,37,33,355,8,1054,11.167350,77.133114,1
113,39,58,371,47,966,11.118454,77.107154,2
98,39,71,88,13,1028,11.135353,77.191317,2
100,37,91,493,88,1030,11.176701,77.138062,2
108,39,93,243,64,967,11.144301,77.194756,1
103,32,13,316,71,1002,11.170778,77.162018,2
103,31,37,11,34,912,11.100376,77.100813,2
118,34,49,414,81,1048,11.165821,77.119233,1
95,36,7,304,20,1081,11.106412,77.117817,1
110,39,71,2,95,1011,11.104763,77.171875,2
99,38,45,371,78,973,11.154008,77.102577,1
88,37,76,60,92,1038,11.179173,77.173926,2
100,32,12,394,16,991,11.185471,77.161321,1
117,32,55,128,88,971,11.195306,77.136447,1
85,45,60,47,51,1036,11.123076,77.180971,1
91,42,83,210,5,907,11.175805,77.119270,1
91,44,32,211,36,953,11.118384,77.126461,1
104,44,69,233,94,904,11.111638,77.191112,1
101,45,37,493,56,909,11.118117,77.189859,1
115,31,72,394,49,909,11.149344,77.102815,1
93,46,57,468,50,1035,11.186677,77.118017,2
98,41,48,142,27,1084,11.146404,77.163225,1
94,41,79,252,31,1045,11.100671,77.159947,2
102,46,66,385,43,949,11.166317,77.190071,1
92,43,12,281,68,1061,11.114684,77.103365,2
84,48,45,44,56,1022,11.186433,77.195079,1
87,49,94,296,48,924,11.137515,77.135020,1
94,39,17,42,78,1069,11.109988,77.114964,2
106,35,6,23,24,958,11.196743,77.192575,2
106,42,54,496,5,981,11.171497,77.199620,1
116,43,92,35,93,1075,11.169846,77.140505,2
85,39,47,398,77,1038,11.196568,77.142741,2
114,30,20,74,23,1087,11.130477,77.120580,2
94,45,21,282,96,956,11.176185,77.185769,2
118,42,72,222,74,979,11.177457,77.103089,1
82,40,77,178,89,1016,11.177294,77.135957,1
108,30,71,359,94,1088,11.155581,77.110564,2
84,50,33,73,71,1061,11.179365,77.126676,2
119,47,11,60,56,930,11.135622,77.146094,1
103,43,49,266,21,1048,11.177028,77.170930,1
101,43,85,116,96,952,11.135538,77.136478,2
91,36,1,102,43,903,11.155757,77.146251,2
105,32,68,74,11,1044,11.145718,77.181889,2
113,39,40,1,83,900,11.147891,77.124396,2
100,50,25,225,49,1076,11.173288,77.181992,2
111,32,77,221,3,1000,11.134776,77.167015,2
86,42,12,349,24,950,11.169519,77.109825,1
86,42,79,237,49,994,11.134905,77.138111,1
114,41,63,393,94,1023,11.121128,77.113202,2
113,31,50,169,77,969,11.123057,77.195596,1
94,43,18,325,1,1028,11.111672,77.106014,2
84,40,55,101,6,979,11.159668,77.172722,2
116,32,86,241,19,952,11.129970,77.143066,2
110,30,86,181,52,1006,11.178997,77.121132,1
103,45,20,357,78,917,11.175025,77.159722,2
100,34,27,81,61,1033,11.127837,77.181502,2
102,46,60,288,14,965,11.183575,77.166812,1
97,49,27,158,75,1067,11.160154,77.166396,1
107,41,16,204,89,955,11.159273,77.170246,2
100,45,67,255,9,1009,11.156487,77.169398,2
95,33,62,395,14,1045,11.179509,77.189437,1
82,31,5,106,67,1012,11.137475,77.161623,1
118,32,18,30,49,982,11.184839,77.167821,2
97,45,77,295,2,933,11.198395,77.153309,2
91,31,67,144,74,1089,11.150274,77.148966,1
80,32,46,291,40,975,11.184124,77.106825,1
117,33,0,394,79,1094,11.100917,77.162479,2
107,43,61,260,89,1100,11.111869,77.105655,2
81,50,9,111,77,963,11.165470,77.162259,2
108,50,28,181,55,1082,11.101049,77.149816,1
110,35,19,0,9,1026,11.179334,77.155690,2
89,32,76,123,82,1028,11.186961,77.145016,1
93,45,30,243,27,1059,11.118797,77.183938,2
105,36,33,193,60,922,11.136454,77.134195,1
111,31,11,293,56,973,11.104123,77.171238,1
111,49,16,38,8,944,11.191711,77.134993,2
111,37,80,12,37,1029,11.182343,77.173392,1
98,45,14,468,76,936,11.192002,77.164242,2
104,45,40,189,64,933,11.140697,77.173965,2
108,43,58,453,28,946,11.145565,77.165416,1
92,45,96,151,46,916,11.104827,77.109836,1
83,45,12,55,4,950,11.184820,77.191957,2
85,36,36,438,87,1095,11.107994,77.147865,2
104,45,21,355,27,1070,11.161138,77.118665,1
105,41,38,113,19,1027,11.140342,77.181071,1
113,37,17,256,29,981,11.151284,77.155409,1
87,32,65,232,63,903,11.182196,77.198458,1
118,36,23,233,95,1032,11.120263,77.168082,1
92,45,62,487,52,989,11.119617,77.197808,2
97,44,36,136,55,947,11.136091,77.187112,2
94,36,62,300,91,978,11.131400,77.128455,2
99,33,10,140,78,933,11.165544,77.115321,1
80,45,86,318,17,982,11.116946,77.152376,2
116,36,95,287,30,1032,11.108240,77.166327,2
99,44,89,228,59,959,11.117026,77.110438,1
102,47,86,221,8,1049,11.194622,77.148991,1
110,49,57,273,3,923,11.122664,77.148103,1
86,31,37,329,42,1094,11.184361,77.109968,1
84,44,20,291,73,1050,11.199854,77.145613,1
118,31,30,14,68,983,11.140924,77.198027,1
82,47,29,221,59,928,11.103395,77.173830,2
107,37,40,359,62,1024,11.119163,77.183246,1
101,41,87,492,64,1097,11.156192,77.153637,1
118,45,71,469,2,984,11.111902,77.159995,1
120,38,16,207,86,937,11.120328,77.186788,1
109,47,77,107,27,910,11.142859,77.163211,1
103,48,13,443,32,909,11.143020,77.185119,2
107,34,30,239,11,1028,11.133551,77.106871,2
93,33,62,320,16,1067,11.179340,77.196443,1
104,36,83,473,41,1008,11.186011,77.106041,1
97,33,36,56,2,923,11.149880,77.185589,1
109,44,24,77,100,1040,11.118512,77.108850,1
97,35,18,261,73,1008,11.106068,77.111958,2
113,50,10,289,41,944,11.133551,77.152229,1
104,42,8,342,7,982,11.139803,77.167572,2
84,47,40,454,11,933,11.134095,77.170334,1
109,44,61,389,34,991,11.173855,77.126549,2
84,38,23,241,58,1003,11.191602,77.152724,2
98,32,92,351,56,932,11.111770,77.165853,2
95,46,44,413,24,940,11.196304,77.141494,2
107,31,21,171,39,1004,11.163022,77.163277,2
110,38,3,202,86,996,11.133262,77.113665,2
88,42,87,48,6,1000,11.112995,77.160098,2
113,31,94,181,33,1083,11.156250,77.153661,2
96,44,15,392,85,1073,11.196004,77.198747,2
102,43,17,478,55,932,11.112631,77.137507,2
118,31,98,55,41,966,11.190736,77.148719,1
109,35,66,47,64,923,11.176308,77.127298,1
81,35,97,12,41,970,11.174626,77.113651,2
86,49,52,446,54,1021,11.100165,77.184118,1
93,47,62,313,41,1009,11.100403,77.148186,1
100,31,85,193,52,914,11.114960,77.117406,1
116,37,33,408,59,980,11.143185,77.192283,2
106,36,11,462,68,1088,11.196816,77.186899,2
103,33,83,313,69,903,11.179399,77.172955,1
80,43,55,355,5,1066,11.151461,77.192966,2
86,41,50,144,15,1080,11.113964,77.106899,1
98,44,4,62,18,1096,11.129430,77.135981,1
119,31,94,79,69,1052,11.154435,77.122753,2
97,48,90,468,77,1090,11.184305,77.194373,1
105,45,96,210,82,932,11.120426,77.177199,2
96,44,1,10,43,1057,11.115534,77.183263,1
108,43,62,34,85,1039,11.173982,77.166196,2
99,34,85,307,16,998,11.130926,77.175814,1
80,43,83,472,40,958,11.107578,77.190218,1
88,36,92,80,95,1096,11.111906,77.132342,2
119,32,99,346,94,922,11.147083,77.162495,2
87,30,83,108,62,1097,11.140140,77.118150,1
110,50,59,231,78,954,11.128865,77.101575,2
93,44,68,127,3,1079,11.128231,77.150303,1
116,42,58,241,80,1073,11.124909,77.106535,1
109,32,8,117,56,951,11.103566,77.192109,2
92,38,39,84,69,990,11.194413,77.115279,1
115,34,2,492,93,976,11.194619,77.177917,2
118,45,86,96,6,1039,11.182260,77.116611,1
98,40,21,173,62,938,11.117555,77.161438,2
120,46,20,277,46,1037,11.106600,77.156196,2
119,42,0,108,20,1029,11.119980,77.119928,2
99,33,9,430,17,1096,11.142621,77.108898,1
90,41,58,44,21,916,11.103165,77.141188,1
113,39,29,433,37,1030,11.125620,77.106799,2
117,46,60,353,2,991,11.166946,77.167959,1
101,43,6,151,35,941,11.142451,77.117979,1
88,50,89,48,9,1012,11.138247,77.167378,1
114,30,93,8,10,967,11.130116,77.177970,1
98,48,34,106,20,921,11.198479,77.144948,2
83,47,21,143,34,977,11.148044,77.128790,2
86,33,9,260,72,933,11.192964,77.191048,2
105,31,27,373,92,1006,11.175908,77.122387,2
83,38,96,362,68,1042,11.121285,77.162106,1
96,48,88,393,60,945,11.121615,77.181862,2
86,43,16,73,3,933,11.187862,77.182081,2
91,46,68,278,59,1043,11.109488,77.178425,2
103,39,32,311,37,1024,11.161838,77.147056,1
94,48,87,500,85,1045,11.182172,77.100980,1
109,40,20,323,92,1005,11.112085,77.116117,1
83,50,85,494,93,948,11.162158,77.152523,2
104,49,23,317,62,1011,11.162038,77.135106,1
94,49,65,454,4,965,11.121310,77.170216,2
115,33,24,278,39,913,11.148406,77.121567,2
109,42,49,89,97,914,11.135582,77.108613,1
95,48,15,473,82,968,11.173475,77.114544,1
87,33,71,88,61,956,11.114216,77.155706,1
85,35,16,427,77,944,11.151444,77.182904,2
113,40,26,301,96,1036,11.189994,77.134472,1
83,34,61,62,67,953,11.161746,77.181389,2
112,37,69,77,3,945,11.111984,77.126689,2
96,36,47,216,26,937,11.115791,77.131309,2
92,31,88,37,52,1088,11.162421,77.196751,1
94,50,5,187,93,1068,11.105448,77.189211,1
100,32,63,264,1,964,11.112773,77.179978,2
85,33,83,212,50,956,11.151701,77.104242,2
96,34,84,412,13,1087,11.174017,77.178978,1
115,44,37,106,99,1098,11.188211,77.175427,2
107,39,13,2,20,999,11.186377,77.112379,1
106,45,43,489,68,1042,11.157597,77.121588,2
90,37,61,229,31,1028,11.132965,77.119924,1
107,41,31,428,85,1097,11.136563,77.106917,1
84,44,0,481,49,973,11.169461,77.116564,1
80,41,95,65,58,965,11.140850,77.107810,2
89,43,9,101,9,983,11.102410,77.133563,1
83,48,6,231,61,1047,11.151408,77.114841,1
84,35,87,319,46,1009,11.157012,77.197430,2
109,41,2,191,7,1069,11.191123,77.186865,1
87,30,68,299,11,1092,11.181463,77.196180,1
96,49,40,468,24,1073,11.116561,77.181230,1
87,30,47,439,53,1072,11.189490,77.118226,2
117,34,83,427,89,980,11.154013,77.189652,1
118,36,78,104,73,966,11.141604,77.131252,2
84,47,43,43,6,1018,11.144045,77.198205,2
100,37,46,387,29,1073,11.174701,77.188555,1
120,42,89,137,49,1069,11.186826,77.142371,1
105,43,29,267,2,923,11.170614,77.108347,2
86,30,78,456,77,981,11.132748,77.144627,2
107,35,80,461,13,1062,11.188599,77.199789,2
83,37,22,297,19,1011,11.103022,77.148391,2
93,30,43,242,80,981,11.101726,77.198559,2
119,41,89,42,17,1017,11.174578,77.114506,1
96,32,76,40,93,1056,11.170030,77.197553,2
107,44,92,341,25,1033,11.127187,77.136121,1
109,34,25,106,31,1064,11.146724,77.195898,2
111,34,47,25,21,1076,11.140357,77.186697,1
92,47,92,105,2,958,11.160832,77.155622,1
80,40,0,221,87,932,11.188363,77.120835,1
102,39,40,57,40,913,11.108520,77.121563,1
91,38,79,400,76,1081,11.116517,77.146199,1
90,40,50,403,48,941,11.144790,77.180897,2
118,42,82,351,58,1043,11.176129,77.119540,2
102,30,7,15,17,1085,11.121063,77.176187,1
86,45,68,451,24,1019,11.143003,77.153796,2
96,43,50,174,23,1077,11.106597,77.135112,2
109,45,87,158,25,915,11.171067,77.164690,1
82,33,25,253,89,999,11.152439,77.193891,2
82,33,68,269,53,988,11.122854,77.112835,1
111,33,11,282,20,928,11.165277,77.105480,1
85,43,84,178,41,998,11.139026,77.184936,1
117,36,54,13,58,904,11.110629,77.181396,2
92,43,81,471,8,973,11.134541,77.199619,1
88,37,41,393,91,984,11.135460,77.193701,2
113,45,10,301,35,1098,11.147117,77.159076,2
112,50,99,379,60,939,11.110632,77.195456,1
97,45,38,82,47,1078,11.179433,77.107182,1
110,32,60,233,33,1071,11.134442,77.120596,1
100,44,2,160,41,923,11.118401,77.102985,2
116,40,80,105,32,906,11.196524,77.122512,2
117,43,79,74,78,1011,11.138655,77.101130,1
115,47,94,157,31,1048,11.183134,77.162071,2
106,43,39,483,64,1043,11.191959,77.118546,2
91,33,69,320,62,917,11.162508,77.175757,1
120,49,43,397,55,1058,11.196096,77.100826,1
90,38,9,2,19,912,11.144830,77.141220,2
103,43,84,245,81,911,11.195390,77.118461,1
97,38,93,383,84,1004,11.183135,77.116663,1
93,50,50,84,60,1070,11.107518,77.179306,2
81,50,82,383,58,926,11.107108,77.101052,2
84,31,92,488,11,944,11.167682,77.141320,1
103,40,35,255,46,938,11.144591,77.140584,2
101,30,40,490,51,960,11.159433,77.121181,2
111,45,66,183,58,1009,11.139268,77.172690,2
113,32,97,300,83,1003,11.192046,77.187400,2
100,40,78,54,65,980,11.166338,77.139146,2
116,30,76,96,95,1097,11.165843,77.189154,1
111,47,21,92,48,1060,11.150373,77.134832,2
118,45,41,166,1,1018,11.110464,77.137429,2
117,49,98,416,12,983,11.115363,77.165948,2
82,40,9,28,9,1023,11.195963,77.126868,2
99,33,12,60,53,1089,11.131241,77.131842,2
102,42,49,169,51,957,11.194558,77.163898,1
91,31,49,28,30,941,11.143910,77.186466,1
95,34,12,369,80,926,11.111647,77.168448,1
90,30,33,27,40,999,11.187701,77.180052,1
85,39,78,396,67,952,11.140840,77.107479,2
100,41,32,55,33,917,11.125808,77.188068,1
115,40,49,266,91,940,11.119573,77.133426,2
87,39,33,217,11,1045,11.161934,77.144698,1
88,50,84,336,42,923,11.142472,77.169765,1
100,41,85,291,23,923,11.126373,77.161729,2
104,43,48,456,44,1037,11.110070,77.159642,2
98,48,30,184,25,927,11.193928,77.113347,2
83,49,63,68,57,960,11.164393,77.167729,1
98,49,85,196,59,929,11.116348,77.143243,2
98,36,9,321,92,985,11.162044,77.166287,1
83,47,98,126,72,1018,11.195866,77.125772,1
84,33,29,169,54,1056,11.113986,77.105211,2
102,32,53,442,90,976,11.131454,77.118699,2
96,32,17,443,12,1009,11.141568,77.144405,1
114,47,39,295,96,920,11.198684,77.144938,2
113,37,67,372,56,991,11.155421,77.142197,2
114,37,74,338,38,942,11.185880,77.156432,2
116,31,3,247,6,922,11.110493,77.142994,1
102,42,79,59,100,1048,11.182093,77.169079,2
114,36,85,358,8,985,11.162396,77.183790,2
112,43,84,395,8,1068,11.170376,77.125863,2
83,50,13,309,79,959,11.190812,77.155253,2
99,46,88,404,87,988,11.117046,77.190829,2
119,42,82,302,64,948,11.141187,77.167491,1
118,40,98,424,87,1076,11.103625,77.102381,1
85,46,100,224,72,932,11.100557,77.111593,2
115,32,88,278,54,1065,11.132909,77.105920,2
92,49,66,258,44,902,11.183782,77.199794,2
86,46,55,353,44,1046,11.159180,77.136820,1
96,37,34,47,21,1048,11.187615,77.153692,1
105,43,99,324,8,952,11.170542,77.161199,1
100,48,64,439,90,983,11.129299,77.181065,2
99,44,93,8,70,906,11.159471,77.188113,2
108,30,96,298,77,962,11.139153,77.197164,2
88,31,55,95,80,995,11.197027,77.109524,1
101,45,52,6,16,1045,11.120990,77.161302,2
80,34,86,298,28,1084,11.113279,77.178333,1
113,41,42,300,93,1053,11.136224,77.189373,1
91,42,79,354,66,903,11.137980,77.107566,1
105,46,25,145,58,994,11.145828,77.188612,1
94,35,94,173,85,1095,11.173537,77.130618,1
102,48,10,255,73,1004,11.155630,77.133439,1
109,36,74,24,100,1052,11.129162,77.151629,2
110,30,100,390,76,1054,11.134016,77.147090,2
110,43,58,385,49,952,11.108450,77.192360,2
89,42,33,397,98,997,11.194299,77.179670,1
90,45,98,311,14,990,11.100537,77.196299,2
88,39,96,0,25,918,11.176716,77.131291,2
88,37,80,378,63,1027,11.110646,77.128562,1
104,41,65,332,5,1056,11.105156,77.181467,2
118,36,94,337,84,1085,11.182992,77.141070,1
117,34,22,55,88,903,11.191848,77.170596,2
110,33,12,200,97,1056,11.116462,77.193407,1
102,47,46,309,33,919,11.187910,77.174158,1
81,35,81,498,90,973,11.170576,77.101056,2
89,41,16,353,48,1031,11.130074,77.198488,2
106,41,17,52,23,952,11.170414,77.151858,2
120,31,25,62,51,926,11.173157,77.162270,2
96,33,36,17,47,956,11.179447,77.199462,2
88,32,41,307,93,947,11.165851,77.159160,1
106,30,98,43,100,1051,11.148557,77.127512,1
119,49,49,142,39,1096,11.173876,77.193441,2
92,34,83,401,13,1019,11.118635,77.131729,2
113,48,45,65,73,942,11.161934,77.156825,1
83,39,30,365,55,954,11.148658,77.197909,1
110,46,32,240,48,958,11.154641,77.155447,2
86,44,56,183,86,932,11.127261,77.154052,1
113,37,64,332,38,1095,11.129783,77.181726,2
81,45,51,445,41,911,11.164962,77.144210,2
101,36,87,440,11,1072,11.185782,77.156774,2
110,40,0,12,69,1050,11.138050,77.142473,1
103,42,69,94,13,1022,11.133032,77.191108,1
113,48,54,208,2,927,11.190834,77.188362,1
112,33,44,34,30,936,11.107236,77.140686,2
81,47,91,187,53,932,11.197770,77.152812,1
92,44,52,337,14,969,11.196502,77.183213,1
115,35,50,299,46,938,11.133667,77.117793,2
105,33,90,179,52,937,11.124990,77.137945,2
120,45,37,309,95,1027,11.111648,77.186390,2
114,30,67,214,53,1013,11.189219,77.177929,2
85,34,64,110,81,1019,11.183187,77.105209,2
111,47,54,489,22,933,11.101762,77.184121,1
100,39,44,249,54,951,11.180877,77.131870,1
85,39,61,201,98,949,11.146456,77.108766,1
95,38,64,115,84,1091,11.146640,77.179187,2
94,31,51,468,63,1095,11.182989,77.113854,2
89,48,45,13,35,980,11.169986,77.109462,2
118,36,74,278,84,1089,11.183048,77.137612,2
81,34,77,351,51,993,11.152344,77.190035,2
85,36,81,197,47,1082,11.119183,77.196504,2
88,34,22,64,81,977,11.174167,77.190334,1
87,37,92,377,59,1056,11.128031,77.126078,1
94,36,94,495,8,1031,11.126709,77.144797,2
118,42,46,70,26,1044,11.106392,77.195262,2
86,36,93,455,53,1079,11.155569,77.101294,1
109,44,18,88,61,1015,11.179148,77.135214,2
83,48,68,231,24,1083,11.169032,77.155276,1
88,36,23,128,53,921,11.167739,77.115140,1
89,34,13,495,43,1026,11.182102,77.152599,2
107,34,75,376,4,1067,11.134827,77.179004,2
116,34,77,81,53,963,11.183297,77.153626,2
101,47,44,35,1,956,11.140928,77.154144,2
100,32,45,389,90,1039,11.132517,77.145257,2
100,39,48,9,50,946,11.110933,77.126292,1
107,44,53,54,91,1080,11.176630,77.181292,1
108,44,35,151,64,994,11.119123,77.186523,2
90,40,52,34,58,926,11.127262,77.123219,2
91,36,68,341,63,947,11.189959,77.130640,1
120,34,94,357,34,952,11.100222,77.149010,2
83,41,31,307,42,1038,11.115742,77.187113,1
110,30,43,325,26,1055,11.106116,77.135604,2
82,50,72,138,82,1049,11.181248,77.168115,2
104,50,23,481,72,930,11.190261,77.198084,2
86,31,73,475,8,1052,11.187490,77.151658,2
109,38,55,413,84,958,11.100579,77.164412,1
110,42,53,293,12,1066,11.192436,77.179109,2
112,37,11,271,48,902,11.163754,77.166283,1
103,38,49,313,28,970,11.154335,77.179360,1
88,40,19,10,92,1084,11.141726,77.154136,2
80,46,68,438,51,962,11.124513,77.142054,1
85,37,47,88,50,904,11.137132,77.175503,2
120,43,96,307,86,1050,11.100163,77.160989,1
113,35,82,271,51,1089,11.102521,77.151283,1
85,32,56,286,42,974,11.105717,77.154222,2
82,47,43,334,47,1003,11.164152,77.112717,2
83,39,20,190,39,922,11.123484,77.158567,1
102,41,5,335,4,938,11.197480,77.123999,2
92,40,45,374,17,986,11.172958,77.157829,2
93,44,55,55,33,1071,11.133806,77.170749,2
109,36,46,202,67,974,11.133840,77.170905,2
115,34,74,22,96,1008,11.152182,77.184842,1
104,49,20,321,66,937,11.193515,77.128238,2
98,40,9,400,40,1092,11.128866,77.151059,2
111,34,7,390,35,918,11.156447,77.153246,1
88,39,94,65,57,921,11.110243,77.183194,1
80,36,58,232,98,928,11.194509,77.135328,1
119,37,85,19,47,1080,11.121132,77.107015,2
102,39,26,149,43,1001,11.115139,77.198773,2
101,39,78,98,100,1011,11.166216,77.167892,2
89,39,23,1,46,1086,11.132919,77.198923,1
101,41,28,27,52,1048,11.170607,77.122978,2
85,46,32,50,16,966,11.111806,77.194953,2
99,40,72,438,75,977,11.199271,77.145362,2
89,41,8,385,62,981,11.194926,77.184703,1
104,41,59,309,63,1068,11.102518,77.182090,2
106,40,57,105,74,917,11.109311,77.138453,2
109,42,37,418,6,1018,11.134588,77.173869,1
99,46,0,32,95,1077,11.159927,77.128100,1
100,30,88,408,35,993,11.158508,77.173778,1
100,44,60,152,64,1019,11.154252,77.128836,1
86,35,46,249,7,974,11.177039,77.140451,1
94,50,84,449,67,1055,11.101746,77.130434,1
103,40,5,338,14,988,11.156270,77.130752,1
102,41,78,305,87,996,11.145943,77.163240,1
93,34,37,45,64,1087,11.145084,77.163711,1
119,34,19,288,54,1026,11.127459,77.143910,2
101,41,48,460,25,1081,11.145554,77.164684,2
118,34,2,83,6,1087,11.168667,77.121970,2
83,33,9,228,38,995,11.181671,77.152804,2
83,30,18,359,88,1064,11.172632,77.150078,1
114,35,56,107,45,1091,11.117671,77.189774,1
108,38,20,274,37,985,11.155485,77.168198,2
119,36,16,128,1,1018,11.133535,77.130832,2
116,39,33,305,77,918,11.180928,77.139973,2
97,41,77,498,33,1062,11.131902,77.139298,1